action,available_qualities,average_estimated_throughput_kbps,average_measured_bandwidth_kbps,average_previous_bandwidth,average_previous_bandwidth_kbps,average_stall_duration_sec,average_switch_magnitude_kbps,bandwidth_history,bitrate_kbps,buffer_after_download_sec,buffer_before_request_sec,buffer_level,buffer_level_sec,buffer_state,buffered_segments,client_id,connection_id,current_simulation_time,current_time,deadline_time,direction,download_time_sec,downward_switch_count,elapsed_time,estimated_throughput,event_counter,event_time,event_type,file_received_time,file_size_kbits,final_buffer_level_sec,final_simulation_time_sec,is_stalling_after_download,is_stalling_before_request,max_buffer_sec,maximum_stall_duration_sec,maximum_switch_magnitude_kbps,measured_bandwidth_kbps,message,playback_position_after_download_sec,playback_position_before_request_sec,playback_position_sec,playback_started,previous_quality_kbps,previous_simulation_time,quality_change_kbps,quality_switch_count,quality_switch_magnitudes,quality_switched,queue_size_after,queue_size_before,reason,rebuffer_time_after_download_sec,rebuffer_time_before_request_sec,request_time,run_id,safety_factor,segment_duration,segment_duration_sec,segment_id,segment_quality,segment_size,selected_quality,server_id,source,stall_count,stall_count_after_download,stall_count_before_request,stall_durations_sec,switch_direction,throughput_history,total_rebuffer_time_sec,total_segments,upward_switch_count,video_name
CONNECTION_REQUEST_CREATED,,,,,,,,,,,,,,,,client_1,,,,,,,,,,,0,,,,,,,,,,,,,,,,,,,,,,,,,,,,,run_20260712_133725_008,,,,,,,,server_1,client,,,,,,,,,,
CONNECTION_ESTABLISHED,,,,,,,,,,,,,,,,client_1,,,,,,,,,,,0,,,,,,,,,,,,,,,,,,,,,,,,,,,,,run_20260712_133725_008,,,,,,,,server_1,client,,,,,,,,,,
THROUGHPUT_ESTIMATION,,,,,,,,,,,,0,,STARTUP,,client_1,,,,,,,,,,,,,,,,,,,,,,,,,,,,,,,,,,,,NO_PREVIOUS_BANDWIDTH,,,,run_20260712_133725_008,,,,,,,,,client,,,,,,,,,,
ABR_QUALITY_SELECTED,,,,,,,,,,,,0,,,,client_1,,,,,,,,,,,,,,,,,,,,,,,,,,,,,,0,0,,False,,,NO_BANDWIDTH_HISTORY_START_LOW,,,,run_20260712_133725_008,,,,,,,800,,client,,,,,NONE,,,,,
SEGMENT_ADDED_TO_BUFFER,,,,,,,,,,,,,4,,"[{""segment_id"": 1, ""remaining_duration_sec"": 2.6033333333333335}]",client_1,,,,,,,,,,,,,,,,,,,20,,,,,,,,,,,,,,,,,,,,,run_20260712_133725_008,,,4,1,,,,,client,,,,,,,,,,
THROUGHPUT_ESTIMATION,,,,2999.9999999999995,,,,,,,,4,,MEDIUM,,client_1,,,,,,,,,2399.9999999999995,,,,,,,,,,,,,,,,,,,,,,,,,,,,,,,run_20260712_133725_008,0.8,,,,,,,,client,,,,,,,,,,
ABR_QUALITY_SELECTED,,,,,,,,,,,,4,,,,client_1,,,,,,,,,2399.9999999999995,,,,,,,,,,,,,,,,,,,800,,600,1,,True,,,THROUGHPUT_AND_BUFFER_BASED,,,,run_20260712_133725_008,,,,,,,1400,,client,,,,,UP,,,,,
SEGMENT_ADDED_TO_BUFFER,,,,,,,,,,,,,7.75,,"[{""segment_id"": 1, ""remaining_duration_sec"": 2.6033333333333335}, {""segment_id"": 2, ""remaining_duration_sec"": 4}]",client_1,,,,,,,,,,,,,,,,,,,20,,,,,,,,,,,,,,,,,,,,,run_20260712_133725_008,,,4,2,,,,,client,,,,,,,,,,
THROUGHPUT_ESTIMATION,,,,3000.0,,,,,,,,7.75,,MEDIUM,,client_1,,,,,,,,,2400.0,,,,,,,,,,,,,,,,,,,,,,,,,,,,,,,run_20260712_133725_008,0.8,,,,,,,,client,,,,,,,,,,
ABR_QUALITY_SELECTED,,,,,,,,,,,,7.75,,,,client_1,,,,,,,,,2400.0,,,,,,,,,,,,,,,,,,,1400,,0,1,,False,,,THROUGHPUT_AND_BUFFER_BASED,,,,run_20260712_133725_008,,,,,,,1400,,client,,,,,NONE,,,,,
SEGMENT_ADDED_TO_BUFFER,,,,,,,,,,,,,11.51,,"[{""segment_id"": 1, ""remaining_duration_sec"": 2.6033333333333335}, {""segment_id"": 2, ""remaining_duration_sec"": 4}, {""segment_id"": 3, ""remaining_duration_sec"": 4}]",client_1,,,,,,,,,,,,,,,,,,,20,,,,,,,,,,,,,,,,,,,,,run_20260712_133725_008,,,4,3,,,,,client,,,,,,,,,,
THROUGHPUT_ESTIMATION,,,,3000.0,,,,,,,,11.51,,MEDIUM,,client_1,,,,,,,,,2400.0,,,,,,,,,,,,,,,,,,,,,,,,,,,,,,,run_20260712_133725_008,0.8,,,,,,,,client,,,,,,,,,,
ABR_QUALITY_SELECTED,,,,,,,,,,,,11.51,,,,client_1,,,,,,,,,2400.0,,,,,,,,,,,,,,,,,,,1400,,0,1,,False,,,THROUGHPUT_AND_BUFFER_BASED,,,,run_20260712_133725_008,,,,,,,1400,,client,,,,,NONE,,,,,
SEGMENT_ADDED_TO_BUFFER,,,,,,,,,,,,,15.225333333333332,,"[{""segment_id"": 1, ""remaining_duration_sec"": 2.6033333333333335}, {""segment_id"": 2, ""remaining_duration_sec"": 4}, {""segment_id"": 3, ""remaining_duration_sec"": 4}, {""segment_id"": 4, ""remaining_duration_sec"": 4}]",client_1,,,,,,,,,,,,,,,,,,,20,,,,,,,,,,,,,,,,,,,,,run_20260712_133725_008,,,4,4,,,,,client,,,,,,,,,,
THROUGHPUT_ESTIMATION,,,,2936.768149882904,,,,,,,,15.225333333333332,,HIGH,,client_1,,,,,,,,,2584.355971896956,,,,,,,,,,,,,,,,,,,,,,,,,,,,,,,run_20260712_133725_008,0.8,,,,,,,,client,,,,,,,,,,
ABR_QUALITY_SELECTED,,,,,,,,,,,,15.225333333333332,,,,client_1,,,,,,,,,2584.355971896956,,,,,,,,,,,,,,,,,,,1400,,0,1,,False,,,THROUGHPUT_AND_BUFFER_BASED,,,,run_20260712_133725_008,,,,,,,1400,,client,,,,,NONE,,,,,
SEGMENT_ADDED_TO_BUFFER,,,,,,,,,,,,,18.93333333333333,,"[{""segment_id"": 1, ""remaining_duration_sec"": 2.6033333333333335}, {""segment_id"": 2, ""remaining_duration_sec"": 4}, {""segment_id"": 3, ""remaining_duration_sec"": 4}, {""segment_id"": 4, ""remaining_duration_sec"": 4}, {""segment_id"": 5, ""remaining_duration_sec"": 4}]",client_1,,,,,,,,,,,,,,,,,,,20,,,,,,,,,,,,,,,,,,,,,run_20260712_133725_008,,,4,5,,,,,client,,,,,,,,,,
CONNECTION_REQUEST_CREATED,,,,,,,,,,,,,,,,client_2,,,,,,,,,,,0,,,,,,,,,,,,,,,,,,,,,,,,,,,,,run_20260712_133725_008,,,,,,,,server_1,client,,,,,,,,,,
CONNECTION_ESTABLISHED,,,,,,,,,,,,,,,,client_2,,,,,,,,,,,0,,,,,,,,,,,,,,,,,,,,,,,,,,,,,run_20260712_133725_008,,,,,,,,server_1,client,,,,,,,,,,
THROUGHPUT_ESTIMATION,,,,,,,,,,,,0,,STARTUP,,client_2,,,,,,,,,,,,,,,,,,,,,,,,,,,,,,,,,,,,NO_PREVIOUS_BANDWIDTH,,,,run_20260712_133725_008,,,,,,,,,client,,,,,,,,,,
ABR_QUALITY_SELECTED,,,,,,,,,,,,0,,,,client_2,,,,,,,,,,,,,,,,,,,,,,,,,,,,,,0,0,,False,,,NO_BANDWIDTH_HISTORY_START_LOW,,,,run_20260712_133725_008,,,,,,,800,,client,,,,,NONE,,,,,
SEGMENT_ADDED_TO_BUFFER,,,,,,,,,,,,,4,,"[{""segment_id"": 1, ""remaining_duration_sec"": 2.7199999999999998}]",client_2,,,,,,,,,,,,,,,,,,,20,,,,,,,,,,,,,,,,,,,,,run_20260712_133725_008,,,4,1,,,,,client,,,,,,,,,,
THROUGHPUT_ESTIMATION,,,,1200.0,,,,,,,,4,,MEDIUM,,client_2,,,,,,,,,960.0,,,,,,,,,,,,,,,,,,,,,,,,,,,,,,,run_20260712_133725_008,0.8,,,,,,,,client,,,,,,,,,,
ABR_QUALITY_SELECTED,,,,,,,,,,,,4,,,,client_2,,,,,,,,,960.0,,,,,,,,,,,,,,,,,,,800,,0,0,,False,,,THROUGHPUT_AND_BUFFER_BASED,,,,run_20260712_133725_008,,,,,,,800,,client,,,,,NONE,,,,,
SEGMENT_ADDED_TO_BUFFER,,,,,,,,,,,,,7.708333333333334,,"[{""segment_id"": 1, ""remaining_duration_sec"": 2.7199999999999998}, {""segment_id"": 2, ""remaining_duration_sec"": 4}]",client_2,,,,,,,,,,,,,,,,,,,20,,,,,,,,,,,,,,,,,,,,,run_20260712_133725_008,,,4,2,,,,,client,,,,,,,,,,
THROUGHPUT_ESTIMATION,,,,1200.0,,,,,,,,7.708333333333334,,MEDIUM,,client_2,,,,,,,,,960.0,,,,,,,,,,,,,,,,,,,,,,,,,,,,,,,run_20260712_133725_008,0.8,,,,,,,,client,,,,,,,,,,
ABR_QUALITY_SELECTED,,,,,,,,,,,,7.708333333333334,,,,client_2,,,,,,,,,960.0,,,,,,,,,,,,,,,,,,,800,,0,0,,False,,,THROUGHPUT_AND_BUFFER_BASED,,,,run_20260712_133725_008,,,,,,,800,,client,,,,,NONE,,,,,
SEGMENT_ADDED_TO_BUFFER,,,,,,,,,,,,,11.43,,"[{""segment_id"": 1, ""remaining_duration_sec"": 2.7199999999999998}, {""segment_id"": 2, ""remaining_duration_sec"": 4}, {""segment_id"": 3, ""remaining_duration_sec"": 4}]",client_2,,,,,,,,,,,,,,,,,,,20,,,,,,,,,,,,,,,,,,,,,run_20260712_133725_008,,,4,3,,,,,client,,,,,,,,,,
THROUGHPUT_ESTIMATION,,,,1195.2095808383235,,,,,,,,11.43,,MEDIUM,,client_2,,,,,,,,,956.1676646706588,,,,,,,,,,,,,,,,,,,,,,,,,,,,,,,run_20260712_133725_008,0.8,,,,,,,,client,,,,,,,,,,
ABR_QUALITY_SELECTED,,,,,,,,,,,,11.43,,,,client_2,,,,,,,,,956.1676646706588,,,,,,,,,,,,,,,,,,,800,,0,0,,False,,,THROUGHPUT_AND_BUFFER_BASED,,,,run_20260712_133725_008,,,,,,,800,,client,,,,,NONE,,,,,
SEGMENT_ADDED_TO_BUFFER,,,,,,,,,,,,,15.059999999999999,,"[{""segment_id"": 1, ""remaining_duration_sec"": 2.7199999999999998}, {""segment_id"": 2, ""remaining_duration_sec"": 4}, {""segment_id"": 3, ""remaining_duration_sec"": 4}, {""segment_id"": 4, ""remaining_duration_sec"": 4}]",client_2,,,,,,,,,,,,,,,,,,,20,,,,,,,,,,,,,,,,,,,,,run_20260712_133725_008,,,4,4,,,,,client,,,,,,,,,,
THROUGHPUT_ESTIMATION,,,,1128.5429141716565,,,,,,,,15.059999999999999,,HIGH,,client_2,,,,,,,,,993.1177644710579,,,,,,,,,,,,,,,,,,,,,,,,,,,,,,,run_20260712_133725_008,0.8,,,,,,,,client,,,,,,,,,,
ABR_QUALITY_SELECTED,,,,,,,,,,,,15.059999999999999,,,,client_2,,,,,,,,,993.1177644710579,,,,,,,,,,,,,,,,,,,800,,0,0,,False,,,THROUGHPUT_AND_BUFFER_BASED,,,,run_20260712_133725_008,,,,,,,800,,client,,,,,NONE,,,,,
SEGMENT_ADDED_TO_BUFFER,,,,,,,,,,,,,18.72,,"[{""segment_id"": 1, ""remaining_duration_sec"": 2.7199999999999998}, {""segment_id"": 2, ""remaining_duration_sec"": 4}, {""segment_id"": 3, ""remaining_duration_sec"": 4}, {""segment_id"": 4, ""remaining_duration_sec"": 4}, {""segment_id"": 5, ""remaining_duration_sec"": 4}]",client_2,,,,,,,,,,,,,,,,,,,20,,,,,,,,,,,,,,,,,,,,,run_20260712_133725_008,,,4,5,,,,,client,,,,,,,,,,
CONNECTION_REQUEST_HANDLED,,,,,,,,,,,,,,,,client_1,,,,,,,,,,,0,,,,,,,,,,,,,,,,,,,,,,,,,,,,,run_20260712_133725_008,,,,,,,,server_1,server,,,,,,,,,,
CONNECTION_REQUEST_HANDLED,,,,,,,,,,,,,,,,client_2,,,,,,,,,,,0,,,,,,,,,,,,,,,,,,,,,,,,,,,,,run_20260712_133725_008,,,,,,,,server_1,server,,,,,,,,,,
EVENT_ADDED,,,,,,,,,,,,,,,,client_1,,0,,,,,,,,0,0,CONNECTION_REQUEST,,,,,,,,,,,,,,,,,,,,,,1,0,,,,,run_20260712_133725_008,,,,,,,,server_1,event_queue,,,,,,,,,,
EVENT_ADDED,,,,,,,,,,,,,,,,client_2,,0,,,,,,,,1,0,CONNECTION_REQUEST,,,,,,,,,,,,,,,,,,,,,,2,1,,,,,run_20260712_133725_008,,,,,,,,server_1,event_queue,,,,,,,,,,
EVENT_REMOVED,,,,,,,,,,,,,,,,client_1,,0,,,,,,0,,0,0,CONNECTION_REQUEST,,,,,,,,,,,,,,,,,0,,,,,1,2,,,,,run_20260712_133725_008,,,,,,,,server_1,event_queue,,,,,,,,,,
EVENT_ADDED,,,,,,,,,,,,,,,,client_1,,0,,,,,,,,2,0,CONNECTION_ESTABLISHED,,,,,,,,,,,,,,,,,,,,,,2,1,,,,,run_20260712_133725_008,,,,,,,,server_1,event_queue,,,,,,,,,,
EVENT_REMOVED,,,,,,,,,,,,,,,,client_2,,0,,,,,,0,,1,0,CONNECTION_REQUEST,,,,,,,,,,,,,,,,,0,,,,,1,2,,,,,run_20260712_133725_008,,,,,,,,server_1,event_queue,,,,,,,,,,
EVENT_ADDED,,,,,,,,,,,,,,,,client_2,,0,,,,,,,,3,0,CONNECTION_ESTABLISHED,,,,,,,,,,,,,,,,,,,,,,2,1,,,,,run_20260712_133725_008,,,,,,,,server_1,event_queue,,,,,,,,,,
EVENT_REMOVED,,,,,,,,,,,,,,,,client_1,,0,,,,,,0,,2,0,CONNECTION_ESTABLISHED,,,,,,,,,,,,,,,,,0,,,,,1,2,,,,,run_20260712_133725_008,,,,,,,,server_1,event_queue,,,,,,,,,,
EVENT_REMOVED,,,,,,,,,,,,,,,,client_2,,0,,,,,,0,,3,0,CONNECTION_ESTABLISHED,,,,,,,,,,,,,,,,,0,,,,,1,2,,,,,run_20260712_133725_008,,,,,,,,server_1,event_queue,,,,,,,,,,
,,,,,,,,,,,,,,,,client_1,connection_client_1,,,,client_to_server,,,,,,0,CONNECTION_REQUEST,,,,,,,,,,,"{""event_time"": 0, ""event_type"": ""CONNECTION_REQUEST"", ""client_id"": ""client_1"", ""server_id"": ""server_1""}",,,,,,,,,,,,,,,,,run_20260712_133725_008,,,,,,,,server_1,connection,,,,,,,,,,
,,,,,,,,,,,,,,,,client_1,connection_client_1,,,,server_to_client,,,,,,0,CONNECTION_ESTABLISHED,,,,,,,,,,,"{""event_time"": 0, ""event_type"": ""CONNECTION_ESTABLISHED"", ""client_id"": ""client_1"", ""server_id"": ""server_1""}",,,,,,,,,,,,,,,,,run_20260712_133725_008,,,,,,,,server_1,connection,,,,,,,,,,
,,,,,,,,,,,,,,,,client_2,connection_client_2,,,,client_to_server,,,,,,0,CONNECTION_REQUEST,,,,,,,,,,,"{""event_time"": 0, ""event_type"": ""CONNECTION_REQUEST"", ""client_id"": ""client_2"", ""server_id"": ""server_1""}",,,,,,,,,,,,,,,,,run_20260712_133725_008,,,,,,,,server_1,connection,,,,,,,,,,
,,,,,,,,,,,,,,,,client_2,connection_client_2,,,,server_to_client,,,,,,0,CONNECTION_ESTABLISHED,,,,,,,,,,,"{""event_time"": 0, ""event_type"": ""CONNECTION_ESTABLISHED"", ""client_id"": ""client_2"", ""server_id"": ""server_1""}",,,,,,,,,,,,,,,,,run_20260712_133725_008,,,,,,,,server_1,connection,,,,,,,,,,
MPD_REQUEST_CREATED,,,,,,,,,,,,,,,,client_1,,,,,,,,,,,0.1,,,,,,,,,,,,,,,,,,,,,,,,,,,,,run_20260712_133725_008,,,,,,,,server_1,client,,,,,,,,,,video_1
MPD_RESPONSE_RECEIVED,"[800, 1400, 2800]",,,,,,,,,,,,,,,client_1,,,,,,,,,,,0.1,,,,,,,,,,,,,,,,,,,,,,,,,,,,,run_20260712_133725_008,,4,,,,,,,client,,,,,,,,5,,video_1
MPD_REQUEST_CREATED,,,,,,,,,,,,,,,,client_2,,,,,,,,,,,0.1,,,,,,,,,,,,,,,,,,,,,,,,,,,,,run_20260712_133725_008,,,,,,,,server_1,client,,,,,,,,,,video_2
MPD_RESPONSE_RECEIVED,"[800, 1400, 2800]",,,,,,,,,,,,,,,client_2,,,,,,,,,,,0.1,,,,,,,,,,,,,,,,,,,,,,,,,,,,,run_20260712_133725_008,,4,,,,,,,client,,,,,,,,5,,video_2
MPD_RESPONSE_CREATED,,,,,,,,,,,,,,,,client_1,,,,,,,,,,,0.1,,,,,,,,,,,,,,,,,,,,,,,,,,,,,run_20260712_133725_008,,,,,,,,,server,,,,,,,,,,video_1
MPD_RESPONSE_CREATED,,,,,,,,,,,,,,,,client_2,,,,,,,,,,,0.1,,,,,,,,,,,,,,,,,,,,,,,,,,,,,run_20260712_133725_008,,,,,,,,,server,,,,,,,,,,video_2
EVENT_ADDED,,,,,,,,,,,,,,,,client_1,,0,,,,,,,,4,0.1,MPD_REQUEST,,,,,,,,,,,,,,,,,,,,,,2,1,,,,,run_20260712_133725_008,,,,,,,,server_1,event_queue,,,,,,,,,,
EVENT_ADDED,,,,,,,,,,,,,,,,client_2,,0,,,,,,,,5,0.1,MPD_REQUEST,,,,,,,,,,,,,,,,,,,,,,2,1,,,,,run_20260712_133725_008,,,,,,,,server_1,event_queue,,,,,,,,,,
EVENT_REMOVED,,,,,,,,,,,,,,,,client_1,,0.1,,,,,,0.1,,4,0.1,MPD_REQUEST,,,,,,,,,,,,,,,,,0,,,,,1,2,,,,,run_20260712_133725_008,,,,,,,,server_1,event_queue,,,,,,,,,,
EVENT_ADDED,,,,,,,,,,,,,,,,client_1,,0.1,,,,,,,,6,0.1,MPD_RESPONSE,,,,,,,,,,,,,,,,,,,,,,2,1,,,,,run_20260712_133725_008,,,,,,,,server_1,event_queue,,,,,,,,,,
EVENT_REMOVED,,,,,,,,,,,,,,,,client_2,,0.1,,,,,,0.0,,5,0.1,MPD_REQUEST,,,,,,,,,,,,,,,,,0.1,,,,,1,2,,,,,run_20260712_133725_008,,,,,,,,server_1,event_queue,,,,,,,,,,
EVENT_ADDED,,,,,,,,,,,,,,,,client_2,,0.1,,,,,,,,7,0.1,MPD_RESPONSE,,,,,,,,,,,,,,,,,,,,,,2,1,,,,,run_20260712_133725_008,,,,,,,,server_1,event_queue,,,,,,,,,,
EVENT_REMOVED,,,,,,,,,,,,,,,,client_1,,0.1,,,,,,0.0,,6,0.1,MPD_RESPONSE,,,,,,,,,,,,,,,,,0.1,,,,,1,2,,,,,run_20260712_133725_008,,,,,,,,server_1,event_queue,,,,,,,,,,
EVENT_REMOVED,,,,,,,,,,,,,,,,client_2,,0.1,,,,,,0.0,,7,0.1,MPD_RESPONSE,,,,,,,,,,,,,,,,,0.1,,,,,1,2,,,,,run_20260712_133725_008,,,,,,,,server_1,event_queue,,,,,,,,,,
,,,,,,,,,,,,,,,,client_1,connection_client_1,,,,client_to_server,,,,,,0.1,MPD_REQUEST,,,,,,,,,,,"{""event_time"": 0.1, ""event_type"": ""MPD_REQUEST"", ""client_id"": ""client_1"", ""server_id"": ""server_1""}",,,,,,,,,,,,,,,,,run_20260712_133725_008,,,,,,,,server_1,connection,,,,,,,,,,
,,,,,,,,,,,,,,,,client_1,connection_client_1,,,,server_to_client,,,,,,0.1,MPD_RESPONSE,,,,,,,,,,,"{""event_time"": 0.1, ""event_type"": ""MPD_RESPONSE"", ""client_id"": ""client_1"", ""server_id"": ""server_1"", ""video_name"": ""video_1"", ""available_qualities"": [800, 1400, 2800], ""segment_duration"": 4, ""total_segments"": 5}",,,,,,,,,,,,,,,,,run_20260712_133725_008,,,,,,,,server_1,connection,,,,,,,,,,
,,,,,,,,,,,,,,,,client_2,connection_client_2,,,,client_to_server,,,,,,0.1,MPD_REQUEST,,,,,,,,,,,"{""event_time"": 0.1, ""event_type"": ""MPD_REQUEST"", ""client_id"": ""client_2"", ""server_id"": ""server_1""}",,,,,,,,,,,,,,,,,run_20260712_133725_008,,,,,,,,server_1,connection,,,,,,,,,,
,,,,,,,,,,,,,,,,client_2,connection_client_2,,,,server_to_client,,,,,,0.1,MPD_RESPONSE,,,,,,,,,,,"{""event_time"": 0.1, ""event_type"": ""MPD_RESPONSE"", ""client_id"": ""client_2"", ""server_id"": ""server_1"", ""video_name"": ""video_2"", ""available_qualities"": [800, 1400, 2800], ""segment_duration"": 4, ""total_segments"": 5}",,,,,,,,,,,,,,,,,run_20260712_133725_008,,,,,,,,server_1,connection,,,,,,,,,,
SEGMENT_REQUEST_CREATED,,,,,,,,,,,0,,,,,client_1,,,,0.2,,,,,,,0.2,,,,,,,False,,,,,,,0,,,,,,,,,,,,,0,,run_20260712_133725_008,,,,1,800,,,server_1,client,,,0,,,,,,,video_1
SEGMENT_REQUEST_CREATED,,,,,,,,,,,0,,,,,client_2,,,,0.2,,,,,,,0.2,,,,,,,False,,,,,,,0,,,,,,,,,,,,,0,,run_20260712_133725_008,,,,1,800,,,server_1,client,,,0,,,,,,,video_2
SEGMENT_REQUEST_HANDLED,,,,,,,,,,,,,,,,client_1,,,,,,0.13333333333333336,,,,,,,0.33333333333333337,,,,,,,,,,,,,,,,,,,,,,,,,,0.2,run_20260712_133725_008,,,,1,800,400.0,,,server,,,,,,,,,,
SEGMENT_REQUEST_HANDLED,,,,,,,,,,,,,,,,client_2,,,,,,0.25,,,,,,,0.45,,,,,,,,,,,,,,,,,,,,,,,,,,0.2,run_20260712_133725_008,,,,1,800,300.0,,,server,,,,,,,,,,
EVENT_ADDED,,,,,,,,,,,,,,,,client_1,,0.1,,,,,,,,8,0.2,SEGMENT_REQUEST,,,,,,,,,,,,,,,,,,,,,,2,1,,,,,run_20260712_133725_008,,,,,,,,server_1,event_queue,,,,,,,,,,
EVENT_ADDED,,,,,,,,,,,,,,,,client_2,,0.1,,,,,,,,9,0.2,SEGMENT_REQUEST,,,,,,,,,,,,,,,,,,,,,,2,1,,,,,run_20260712_133725_008,,,,,,,,server_1,event_queue,,,,,,,,,,
EVENT_REMOVED,,,,,,,,,,,,,,,,client_1,,0.2,,,,,,0.1,,8,0.2,SEGMENT_REQUEST,,,,,,,,,,,,,,,,,0.1,,,,,1,2,,,,,run_20260712_133725_008,,,,,,,,server_1,event_queue,,,,,,,,,,
EVENT_REMOVED,,,,,,,,,,,,,,,,client_2,,0.2,,,,,,0.0,,9,0.2,SEGMENT_REQUEST,,,,,,,,,,,,,,,,,0.2,,,,,1,2,,,,,run_20260712_133725_008,,,,,,,,server_1,event_queue,,,,,,,,,,
,,,,,,,,,,,,,,,,client_1,connection_client_1,,,,client_to_server,,,,,,0.2,SEGMENT_REQUEST,,,,,,,,,,,"{""event_time"": 0.2, ""event_type"": ""SEGMENT_REQUEST"", ""client_id"": ""client_1"", ""server_id"": ""server_1"", ""video_name"": ""video_1"", ""segment_id"": 1, ""segment_quality"": 800, ""deadline_time"": 0.2}",,,,,,,,,,,,,,,,,run_20260712_133725_008,,,,,,,,server_1,connection,,,,,,,,,,
,,,,,,,,,,,,,,,,client_2,connection_client_2,,,,client_to_server,,,,,,0.2,SEGMENT_REQUEST,,,,,,,,,,,"{""event_time"": 0.2, ""event_type"": ""SEGMENT_REQUEST"", ""client_id"": ""client_2"", ""server_id"": ""server_1"", ""video_name"": ""video_2"", ""segment_id"": 1, ""segment_quality"": 800, ""deadline_time"": 0.2}",,,,,,,,,,,,,,,,,run_20260712_133725_008,,,,,,,,server_1,connection,,,,,,,,,,
PLAYBACK_STARTED,,,,,,,,,,,,4,,,,client_1,,,0.33333333333333337,,,,,,,,,,,,,,,,,,,,,,,,,,,,,,,,,,,,,run_20260712_133725_008,,,,,,,,,client,,,,,,,,,,
SEGMENT_RECEIVED_HANDLED,,,,,,,,,800,4,,,,,,client_1,,,,,,0.13333333333333336,,,,,0.33333333333333337,,,400.0,,,False,,,,,2999.9999999999995,,0,,,True,,,,,,,,,,0,,,run_20260712_133725_008,,,,1,,,,,client,,0,,,,,,,,
SEGMENT_REQUEST_CREATED,,,,,,,,,,,4,,,,,client_1,,,,4.333333333333333,,,,,,,0.33333333333333337,,,,,,,False,,,,,,,0,,,,,,,,,,,,,0,,run_20260712_133725_008,,,,2,1400,,,server_1,client,,,0,,,,,,,video_1
SEGMENT_REQUEST_HANDLED,,,,,,,,,,,,,,,,client_1,,,,,,0.25,,,,,,,0.5833333333333334,,,,,,,,,,,,,,,,,,,,,,,,,,0.33333333333333337,run_20260712_133725_008,,,,2,1400,750.0,,,server,,,,,,,,,,
EVENT_ADDED,,,,,,,,,,,,,,,,client_1,,0.2,,,,,,,,10,0.33333333333333337,SEGMENT_RECEIVED,,,,,,,,,,,,,,,,,,,,,,2,1,,,,,run_20260712_133725_008,,,,,,,,server_1,event_queue,,,,,,,,,,
EVENT_REMOVED,,,,,,,,,,,,,,,,client_1,,0.33333333333333337,,,,,,0.13333333333333336,,10,0.33333333333333337,SEGMENT_RECEIVED,,,,,,,,,,,,,,,,,0.2,,,,,1,2,,,,,run_20260712_133725_008,,,,,,,,server_1,event_queue,,,,,,,,,,
EVENT_ADDED,,,,,,,,,,,,,,,,client_1,,0.33333333333333337,,,,,,,,12,0.33333333333333337,SEGMENT_REQUEST,,,,,,,,,,,,,,,,,,,,,,2,1,,,,,run_20260712_133725_008,,,,,,,,server_1,event_queue,,,,,,,,,,
EVENT_REMOVED,,,,,,,,,,,,,,,,client_1,,0.33333333333333337,,,,,,0.0,,12,0.33333333333333337,SEGMENT_REQUEST,,,,,,,,,,,,,,,,,0.33333333333333337,,,,,1,2,,,,,run_20260712_133725_008,,,,,,,,server_1,event_queue,,,,,,,,,,
,,,,,,,,,,,,,,,,client_1,connection_client_1,,,,server_to_client,,,,,,0.33333333333333337,SEGMENT_RECEIVED,,,,,,,,,,,"{""event_time"": 0.33333333333333337, ""event_type"": ""SEGMENT_RECEIVED"", ""client_id"": ""client_1"", ""server_id"": ""server_1"", ""video_name"": ""video_1"", ""segment_id"": 1, ""segment_quality"": 800, ""segment_size"": 400.0, ""segment_duration"": 4, ""download_time"": 0.13333333333333336, ""request_time"": 0.2, ""deadline_time"": 0.2}",,,,,,,,,,,,,,,,,run_20260712_133725_008,,,,,,,,server_1,connection,,,,,,,,,,
,,,,,,,,,,,,,,,,client_1,connection_client_1,,,,client_to_server,,,,,,0.33333333333333337,SEGMENT_REQUEST,,,,,,,,,,,"{""event_time"": 0.33333333333333337, ""event_type"": ""SEGMENT_REQUEST"", ""client_id"": ""client_1"", ""server_id"": ""server_1"", ""video_name"": ""video_1"", ""segment_id"": 2, ""segment_quality"": 1400, ""deadline_time"": 4.333333333333333}",,,,,,,,,,,,,,,,,run_20260712_133725_008,,,,,,,,server_1,connection,,,,,,,,,,
PLAYBACK_STARTED,,,,,,,,,,,,4,,,,client_2,,,0.45,,,,,,,,,,,,,,,,,,,,,,,,,,,,,,,,,,,,,run_20260712_133725_008,,,,,,,,,client,,,,,,,,,,
SEGMENT_RECEIVED_HANDLED,,,,,,,,,800,4,,,,,,client_2,,,,,,0.25,,,,,0.45,,,300.0,,,False,,,,,1200.0,,0,,,True,,,,,,,,,,0,,,run_20260712_133725_008,,,,1,,,,,client,,0,,,,,,,,
SEGMENT_REQUEST_CREATED,,,,,,,,,,,4,,,,,client_2,,,,4.45,,,,,,,0.45,,,,,,,False,,,,,,,0,,,,,,,,,,,,,0,,run_20260712_133725_008,,,,2,800,,,server_1,client,,,0,,,,,,,video_2
SEGMENT_REQUEST_HANDLED,,,,,,,,,,,,,,,,client_2,,,,,,0.2916666666666667,,,,,,,0.7416666666666667,,,,,,,,,,,,,,,,,,,,,,,,,,0.45,run_20260712_133725_008,,,,2,800,350.0,,,server,,,,,,,,,,
EVENT_ADDED,,,,,,,,,,,,,,,,client_2,,0.2,,,,,,,,11,0.45,SEGMENT_RECEIVED,,,,,,,,,,,,,,,,,,,,,,2,1,,,,,run_20260712_133725_008,,,,,,,,server_1,event_queue,,,,,,,,,,
EVENT_REMOVED,,,,,,,,,,,,,,,,client_2,,0.45,,,,,,0.11666666666666664,,11,0.45,SEGMENT_RECEIVED,,,,,,,,,,,,,,,,,0.33333333333333337,,,,,1,2,,,,,run_20260712_133725_008,,,,,,,,server_1,event_queue,,,,,,,,,,
EVENT_ADDED,,,,,,,,,,,,,,,,client_2,,0.45,,,,,,,,14,0.45,SEGMENT_REQUEST,,,,,,,,,,,,,,,,,,,,,,2,1,,,,,run_20260712_133725_008,,,,,,,,server_1,event_queue,,,,,,,,,,
EVENT_REMOVED,,,,,,,,,,,,,,,,client_2,,0.45,,,,,,0.0,,14,0.45,SEGMENT_REQUEST,,,,,,,,,,,,,,,,,0.45,,,,,1,2,,,,,run_20260712_133725_008,,,,,,,,server_1,event_queue,,,,,,,,,,
,,,,,,,,,,,,,,,,client_2,connection_client_2,,,,server_to_client,,,,,,0.45,SEGMENT_RECEIVED,,,,,,,,,,,"{""event_time"": 0.45, ""event_type"": ""SEGMENT_RECEIVED"", ""client_id"": ""client_2"", ""server_id"": ""server_1"", ""video_name"": ""video_2"", ""segment_id"": 1, ""segment_quality"": 800, ""segment_size"": 300.0, ""segment_duration"": 4, ""download_time"": 0.25, ""request_time"": 0.2, ""deadline_time"": 0.2}",,,,,,,,,,,,,,,,,run_20260712_133725_008,,,,,,,,server_1,connection,,,,,,,,,,
,,,,,,,,,,,,,,,,client_2,connection_client_2,,,,client_to_server,,,,,,0.45,SEGMENT_REQUEST,,,,,,,,,,,"{""event_time"": 0.45, ""event_type"": ""SEGMENT_REQUEST"", ""client_id"": ""client_2"", ""server_id"": ""server_1"", ""video_name"": ""video_2"", ""segment_id"": 2, ""segment_quality"": 800, ""deadline_time"": 4.45}",,,,,,,,,,,,,,,,,run_20260712_133725_008,,,,,,,,server_1,connection,,,,,,,,,,
SEGMENT_RECEIVED_HANDLED,,,,,,,,,1400,7.75,,,,,,client_1,,,,,,0.25,,,,,0.5833333333333334,,,750.0,,,False,,,,,3000.0,,0.25,,,True,,,,,,,,,,0,,,run_20260712_133725_008,,,,2,,,,,client,,0,,,,,,,,
SEGMENT_REQUEST_CREATED,,,,,,,,,,,7.75,,,,,client_1,,,,8.333333333333334,,,,,,,0.5833333333333334,,,,,,,False,,,,,,,0.25,,,,,,,,,,,,,0,,run_20260712_133725_008,,,,3,1400,,,server_1,client,,,0,,,,,,,video_1
SEGMENT_REQUEST_HANDLED,,,,,,,,,,,,,,,,client_1,,,,,,0.24,,,,,,,0.8233333333333334,,,,,,,,,,,,,,,,,,,,,,,,,,0.5833333333333334,run_20260712_133725_008,,,,3,1400,720.0,,,server,,,,,,,,,,
EVENT_ADDED,,,,,,,,,,,,,,,,client_1,,0.33333333333333337,,,,,,,,13,0.5833333333333334,SEGMENT_RECEIVED,,,,,,,,,,,,,,,,,,,,,,2,1,,,,,run_20260712_133725_008,,,,,,,,server_1,event_queue,,,,,,,,,,
EVENT_REMOVED,,,,,,,,,,,,,,,,client_1,,0.5833333333333334,,,,,,0.13333333333333336,,13,0.5833333333333334,SEGMENT_RECEIVED,,,,,,,,,,,,,,,,,0.45,,,,,1,2,,,,,run_20260712_133725_008,,,,,,,,server_1,event_queue,,,,,,,,,,
EVENT_ADDED,,,,,,,,,,,,,,,,client_1,,0.5833333333333334,,,,,,,,16,0.5833333333333334,SEGMENT_REQUEST,,,,,,,,,,,,,,,,,,,,,,2,1,,,,,run_20260712_133725_008,,,,,,,,server_1,event_queue,,,,,,,,,,
EVENT_REMOVED,,,,,,,,,,,,,,,,client_1,,0.5833333333333334,,,,,,0.0,,16,0.5833333333333334,SEGMENT_REQUEST,,,,,,,,,,,,,,,,,0.5833333333333334,,,,,1,2,,,,,run_20260712_133725_008,,,,,,,,server_1,event_queue,,,,,,,,,,
,,,,,,,,,,,,,,,,client_1,connection_client_1,,,,server_to_client,,,,,,0.5833333333333334,SEGMENT_RECEIVED,,,,,,,,,,,"{""event_time"": 0.5833333333333334, ""event_type"": ""SEGMENT_RECEIVED"", ""client_id"": ""client_1"", ""server_id"": ""server_1"", ""video_name"": ""video_1"", ""segment_id"": 2, ""segment_quality"": 1400, ""segment_size"": 750.0, ""segment_duration"": 4, ""download_time"": 0.25, ""request_time"": 0.33333333333333337, ""deadline_time"": 4.333333333333333}",,,,,,,,,,,,,,,,,run_20260712_133725_008,,,,,,,,server_1,connection,,,,,,,,,,
,,,,,,,,,,,,,,,,client_1,connection_client_1,,,,client_to_server,,,,,,0.5833333333333334,SEGMENT_REQUEST,,,,,,,,,,,"{""event_time"": 0.5833333333333334, ""event_type"": ""SEGMENT_REQUEST"", ""client_id"": ""client_1"", ""server_id"": ""server_1"", ""video_name"": ""video_1"", ""segment_id"": 3, ""segment_quality"": 1400, ""deadline_time"": 8.333333333333334}",,,,,,,,,,,,,,,,,run_20260712_133725_008,,,,,,,,server_1,connection,,,,,,,,,,
SEGMENT_RECEIVED_HANDLED,,,,,,,,,800,7.708333333333334,,,,,,client_2,,,,,,0.2916666666666667,,,,,0.7416666666666667,,,350.0,,,False,,,,,1200.0,,0.2916666666666667,,,True,,,,,,,,,,0,,,run_20260712_133725_008,,,,2,,,,,client,,0,,,,,,,,
SEGMENT_REQUEST_CREATED,,,,,,,,,,,7.708333333333334,,,,,client_2,,,,8.450000000000001,,,,,,,0.7416666666666667,,,,,,,False,,,,,,,0.2916666666666667,,,,,,,,,,,,,0,,run_20260712_133725_008,,,,3,800,,,server_1,client,,,0,,,,,,,video_2
SEGMENT_REQUEST_HANDLED,,,,,,,,,,,,,,,,client_2,,,,,,0.2783333333333333,,,,,,,1.02,,,,,,,,,,,,,,,,,,,,,,,,,,0.7416666666666667,run_20260712_133725_008,,,,3,800,330.0,,,server,,,,,,,,,,
EVENT_ADDED,,,,,,,,,,,,,,,,client_2,,0.45,,,,,,,,15,0.7416666666666667,SEGMENT_RECEIVED,,,,,,,,,,,,,,,,,,,,,,2,1,,,,,run_20260712_133725_008,,,,,,,,server_1,event_queue,,,,,,,,,,
EVENT_REMOVED,,,,,,,,,,,,,,,,client_2,,0.7416666666666667,,,,,,0.15833333333333333,,15,0.7416666666666667,SEGMENT_RECEIVED,,,,,,,,,,,,,,,,,0.5833333333333334,,,,,1,2,,,,,run_20260712_133725_008,,,,,,,,server_1,event_queue,,,,,,,,,,
EVENT_ADDED,,,,,,,,,,,,,,,,client_2,,0.7416666666666667,,,,,,,,18,0.7416666666666667,SEGMENT_REQUEST,,,,,,,,,,,,,,,,,,,,,,2,1,,,,,run_20260712_133725_008,,,,,,,,server_1,event_queue,,,,,,,,,,
EVENT_REMOVED,,,,,,,,,,,,,,,,client_2,,0.7416666666666667,,,,,,0.0,,18,0.7416666666666667,SEGMENT_REQUEST,,,,,,,,,,,,,,,,,0.7416666666666667,,,,,1,2,,,,,run_20260712_133725_008,,,,,,,,server_1,event_queue,,,,,,,,,,
,,,,,,,,,,,,,,,,client_2,connection_client_2,,,,server_to_client,,,,,,0.7416666666666667,SEGMENT_RECEIVED,,,,,,,,,,,"{""event_time"": 0.7416666666666667, ""event_type"": ""SEGMENT_RECEIVED"", ""client_id"": ""client_2"", ""server_id"": ""server_1"", ""video_name"": ""video_2"", ""segment_id"": 2, ""segment_quality"": 800, ""segment_size"": 350.0, ""segment_duration"": 4, ""download_time"": 0.2916666666666667, ""request_time"": 0.45, ""deadline_time"": 4.45}",,,,,,,,,,,,,,,,,run_20260712_133725_008,,,,,,,,server_1,connection,,,,,,,,,,
,,,,,,,,,,,,,,,,client_2,connection_client_2,,,,client_to_server,,,,,,0.7416666666666667,SEGMENT_REQUEST,,,,,,,,,,,"{""event_time"": 0.7416666666666667, ""event_type"": ""SEGMENT_REQUEST"", ""client_id"": ""client_2"", ""server_id"": ""server_1"", ""video_name"": ""video_2"", ""segment_id"": 3, ""segment_quality"": 800, ""deadline_time"": 8.450000000000001}",,,,,,,,,,,,,,,,,run_20260712_133725_008,,,,,,,,server_1,connection,,,,,,,,,,
SEGMENT_RECEIVED_HANDLED,,,,,,,,,1400,11.51,,,,,,client_1,,,,,,0.24,,,,,0.8233333333333334,,,720.0,,,False,,,,,3000.0,,0.49,,,True,,,,,,,,,,0,,,run_20260712_133725_008,,,,3,,,,,client,,0,,,,,,,,
SEGMENT_REQUEST_CREATED,,,,,,,,,,,11.51,,,,,client_1,,,,12.333333333333334,,,,,,,0.8233333333333334,,,,,,,False,,,,,,,0.49,,,,,,,,,,,,,0,,run_20260712_133725_008,,,,4,1400,,,server_1,client,,,0,,,,,,,video_1
SEGMENT_REQUEST_HANDLED,,,,,,,,,,,,,,,,client_1,,,,,,0.28466666666666673,,,,,,,1.108,,,,,,,,,,,,,,,,,,,,,,,,,,0.8233333333333334,run_20260712_133725_008,,,,4,1400,800.0,,,server,,,,,,,,,,
EVENT_ADDED,,,,,,,,,,,,,,,,client_1,,0.5833333333333334,,,,,,,,17,0.8233333333333334,SEGMENT_RECEIVED,,,,,,,,,,,,,,,,,,,,,,2,1,,,,,run_20260712_133725_008,,,,,,,,server_1,event_queue,,,,,,,,,,
EVENT_REMOVED,,,,,,,,,,,,,,,,client_1,,0.8233333333333334,,,,,,0.08166666666666667,,17,0.8233333333333334,SEGMENT_RECEIVED,,,,,,,,,,,,,,,,,0.7416666666666667,,,,,1,2,,,,,run_20260712_133725_008,,,,,,,,server_1,event_queue,,,,,,,,,,
EVENT_ADDED,,,,,,,,,,,,,,,,client_1,,0.8233333333333334,,,,,,,,20,0.8233333333333334,SEGMENT_REQUEST,,,,,,,,,,,,,,,,,,,,,,2,1,,,,,run_20260712_133725_008,,,,,,,,server_1,event_queue,,,,,,,,,,
EVENT_REMOVED,,,,,,,,,,,,,,,,client_1,,0.8233333333333334,,,,,,0.0,,20,0.8233333333333334,SEGMENT_REQUEST,,,,,,,,,,,,,,,,,0.8233333333333334,,,,,1,2,,,,,run_20260712_133725_008,,,,,,,,server_1,event_queue,,,,,,,,,,
,,,,,,,,,,,,,,,,client_1,connection_client_1,,,,server_to_client,,,,,,0.8233333333333334,SEGMENT_RECEIVED,,,,,,,,,,,"{""event_time"": 0.8233333333333334, ""event_type"": ""SEGMENT_RECEIVED"", ""client_id"": ""client_1"", ""server_id"": ""server_1"", ""video_name"": ""video_1"", ""segment_id"": 3, ""segment_quality"": 1400, ""segment_size"": 720.0, ""segment_duration"": 4, ""download_time"": 0.24, ""request_time"": 0.5833333333333334, ""deadline_time"": 8.333333333333334}",,,,,,,,,,,,,,,,,run_20260712_133725_008,,,,,,,,server_1,connection,,,,,,,,,,
,,,,,,,,,,,,,,,,client_1,connection_client_1,,,,client_to_server,,,,,,0.8233333333333334,SEGMENT_REQUEST,,,,,,,,,,,"{""event_time"": 0.8233333333333334, ""event_type"": ""SEGMENT_REQUEST"", ""client_id"": ""client_1"", ""server_id"": ""server_1"", ""video_name"": ""video_1"", ""segment_id"": 4, ""segment_quality"": 1400, ""deadline_time"": 12.333333333333334}",,,,,,,,,,,,,,,,,run_20260712_133725_008,,,,,,,,server_1,connection,,,,,,,,,,
SEGMENT_RECEIVED_HANDLED,,,,,,,,,800,11.43,,,,,,client_2,,,,,,0.2783333333333333,,,,,1.02,,,330.0,,,False,,,,,1185.62874251497,,0.5700000000000001,,,True,,,,,,,,,,0,,,run_20260712_133725_008,,,,3,,,,,client,,0,,,,,,,,
SEGMENT_REQUEST_CREATED,,,,,,,,,,,11.43,,,,,client_2,,,,12.45,,,,,,,1.02,,,,,,,False,,,,,,,0.5700000000000001,,,,,,,,,,,,,0,,run_20260712_133725_008,,,,4,800,,,server_1,client,,,0,,,,,,,video_2
SEGMENT_REQUEST_HANDLED,,,,,,,,,,,,,,,,client_2,,,,,,0.3700000000000001,,,,,,,1.3900000000000001,,,,,,,,,,,,,,,,,,,,,,,,,,1.02,run_20260712_133725_008,,,,4,800,370.0,,,server,,,,,,,,,,
EVENT_ADDED,,,,,,,,,,,,,,,,client_2,,0.7416666666666667,,,,,,,,19,1.02,SEGMENT_RECEIVED,,,,,,,,,,,,,,,,,,,,,,2,1,,,,,run_20260712_133725_008,,,,,,,,server_1,event_queue,,,,,,,,,,
EVENT_REMOVED,,,,,,,,,,,,,,,,client_2,,1.02,,,,,,0.19666666666666666,,19,1.02,SEGMENT_RECEIVED,,,,,,,,,,,,,,,,,0.8233333333333334,,,,,1,2,,,,,run_20260712_133725_008,,,,,,,,server_1,event_queue,,,,,,,,,,
EVENT_ADDED,,,,,,,,,,,,,,,,client_2,,1.02,,,,,,,,22,1.02,SEGMENT_REQUEST,,,,,,,,,,,,,,,,,,,,,,2,1,,,,,run_20260712_133725_008,,,,,,,,server_1,event_queue,,,,,,,,,,
EVENT_REMOVED,,,,,,,,,,,,,,,,client_2,,1.02,,,,,,0.0,,22,1.02,SEGMENT_REQUEST,,,,,,,,,,,,,,,,,1.02,,,,,1,2,,,,,run_20260712_133725_008,,,,,,,,server_1,event_queue,,,,,,,,,,
,,,,,,,,,,,,,,,,client_2,connection_client_2,,,,server_to_client,,,,,,1.02,SEGMENT_RECEIVED,,,,,,,,,,,"{""event_time"": 1.02, ""event_type"": ""SEGMENT_RECEIVED"", ""client_id"": ""client_2"", ""server_id"": ""server_1"", ""video_name"": ""video_2"", ""segment_id"": 3, ""segment_quality"": 800, ""segment_size"": 330.0, ""segment_duration"": 4, ""download_time"": 0.2783333333333333, ""request_time"": 0.7416666666666667, ""deadline_time"": 8.450000000000001}",,,,,,,,,,,,,,,,,run_20260712_133725_008,,,,,,,,server_1,connection,,,,,,,,,,
,,,,,,,,,,,,,,,,client_2,connection_client_2,,,,client_to_server,,,,,,1.02,SEGMENT_REQUEST,,,,,,,,,,,"{""event_time"": 1.02, ""event_type"": ""SEGMENT_REQUEST"", ""client_id"": ""client_2"", ""server_id"": ""server_1"", ""video_name"": ""video_2"", ""segment_id"": 4, ""segment_quality"": 800, ""deadline_time"": 12.45}",,,,,,,,,,,,,,,,,run_20260712_133725_008,,,,,,,,server_1,connection,,,,,,,,,,
SEGMENT_RECEIVED_HANDLED,,,,,,,,,1400,15.225333333333332,,,,,,client_1,,,,,,0.28466666666666673,,,,,1.108,,,800.0,,,False,,,,,2810.3044496487114,,0.7746666666666667,,,True,,,,,,,,,,0,,,run_20260712_133725_008,,,,4,,,,,client,,0,,,,,,,,
SEGMENT_REQUEST_CREATED,,,,,,,,,,,15.225333333333332,,,,,client_1,,,,16.333333333333332,,,,,,,1.108,,,,,,,False,,,,,,,0.7746666666666667,,,,,,,,,,,,,0,,run_20260712_133725_008,,,,5,1400,,,server_1,client,,,0,,,,,,,video_1
SEGMENT_REQUEST_HANDLED,,,,,,,,,,,,,,,,client_1,,,,,,0.29200000000000004,,,,,,,1.4000000000000001,,,,,,,,,,,,,,,,,,,,,,,,,,1.108,run_20260712_133725_008,,,,5,1400,730.0,,,server,,,,,,,,,,
EVENT_ADDED,,,,,,,,,,,,,,,,client_1,,0.8233333333333334,,,,,,,,21,1.108,SEGMENT_RECEIVED,,,,,,,,,,,,,,,,,,,,,,2,1,,,,,run_20260712_133725_008,,,,,,,,server_1,event_queue,,,,,,,,,,
EVENT_REMOVED,,,,,,,,,,,,,,,,client_1,,1.108,,,,,,0.08800000000000008,,21,1.108,SEGMENT_RECEIVED,,,,,,,,,,,,,,,,,1.02,,,,,1,2,,,,,run_20260712_133725_008,,,,,,,,server_1,event_queue,,,,,,,,,,
EVENT_ADDED,,,,,,,,,,,,,,,,client_1,,1.108,,,,,,,,24,1.108,SEGMENT_REQUEST,,,,,,,,,,,,,,,,,,,,,,2,1,,,,,run_20260712_133725_008,,,,,,,,server_1,event_queue,,,,,,,,,,
EVENT_REMOVED,,,,,,,,,,,,,,,,client_1,,1.108,,,,,,0.0,,24,1.108,SEGMENT_REQUEST,,,,,,,,,,,,,,,,,1.108,,,,,1,2,,,,,run_20260712_133725_008,,,,,,,,server_1,event_queue,,,,,,,,,,
,,,,,,,,,,,,,,,,client_1,connection_client_1,,,,server_to_client,,,,,,1.108,SEGMENT_RECEIVED,,,,,,,,,,,"{""event_time"": 1.108, ""event_type"": ""SEGMENT_RECEIVED"", ""client_id"": ""client_1"", ""server_id"": ""server_1"", ""video_name"": ""video_1"", ""segment_id"": 4, ""segment_quality"": 1400, ""segment_size"": 800.0, ""segment_duration"": 4, ""download_time"": 0.28466666666666673, ""request_time"": 0.8233333333333334, ""deadline_time"": 12.333333333333334}",,,,,,,,,,,,,,,,,run_20260712_133725_008,,,,,,,,server_1,connection,,,,,,,,,,
,,,,,,,,,,,,,,,,client_1,connection_client_1,,,,client_to_server,,,,,,1.108,SEGMENT_REQUEST,,,,,,,,,,,"{""event_time"": 1.108, ""event_type"": ""SEGMENT_REQUEST"", ""client_id"": ""client_1"", ""server_id"": ""server_1"", ""video_name"": ""video_1"", ""segment_id"": 5, ""segment_quality"": 1400, ""deadline_time"": 16.333333333333332}",,,,,,,,,,,,,,,,,run_20260712_133725_008,,,,,,,,server_1,connection,,,,,,,,,,
SEGMENT_RECEIVED_HANDLED,,,,,,,,,800,15.059999999999999,,,,,,client_2,,,,,,0.3700000000000001,,,,,1.3900000000000001,,,370.0,,,False,,,,,999.9999999999997,,0.9400000000000002,,,True,,,,,,,,,,0,,,run_20260712_133725_008,,,,4,,,,,client,,0,,,,,,,,
SEGMENT_REQUEST_CREATED,,,,,,,,,,,15.059999999999999,,,,,client_2,,,,16.45,,,,,,,1.3900000000000001,,,,,,,False,,,,,,,0.9400000000000002,,,,,,,,,,,,,0,,run_20260712_133725_008,,,,5,800,,,server_1,client,,,0,,,,,,,video_2
SEGMENT_REQUEST_HANDLED,,,,,,,,,,,,,,,,client_2,,,,,,0.3400000000000001,,,,,,,1.7300000000000002,,,,,,,,,,,,,,,,,,,,,,,,,,1.3900000000000001,run_20260712_133725_008,,,,5,800,340.0,,,server,,,,,,,,,,
EVENT_ADDED,,,,,,,,,,,,,,,,client_2,,1.02,,,,,,,,23,1.3900000000000001,SEGMENT_RECEIVED,,,,,,,,,,,,,,,,,,,,,,2,1,,,,,run_20260712_133725_008,,,,,,,,server_1,event_queue,,,,,,,,,,
EVENT_REMOVED,,,,,,,,,,,,,,,,client_2,,1.3900000000000001,,,,,,0.28200000000000003,,23,1.3900000000000001,SEGMENT_RECEIVED,,,,,,,,,,,,,,,,,1.108,,,,,1,2,,,,,run_20260712_133725_008,,,,,,,,server_1,event_queue,,,,,,,,,,
EVENT_ADDED,,,,,,,,,,,,,,,,client_2,,1.3900000000000001,,,,,,,,26,1.3900000000000001,SEGMENT_REQUEST,,,,,,,,,,,,,,,,,,,,,,2,1,,,,,run_20260712_133725_008,,,,,,,,server_1,event_queue,,,,,,,,,,
EVENT_REMOVED,,,,,,,,,,,,,,,,client_2,,1.3900000000000001,,,,,,0.0,,26,1.3900000000000001,SEGMENT_REQUEST,,,,,,,,,,,,,,,,,1.3900000000000001,,,,,1,2,,,,,run_20260712_133725_008,,,,,,,,server_1,event_queue,,,,,,,,,,
,,,,,,,,,,,,,,,,client_2,connection_client_2,,,,server_to_client,,,,,,1.3900000000000001,SEGMENT_RECEIVED,,,,,,,,,,,"{""event_time"": 1.3900000000000001, ""event_type"": ""SEGMENT_RECEIVED"", ""client_id"": ""client_2"", ""server_id"": ""server_1"", ""video_name"": ""video_2"", ""segment_id"": 4, ""segment_quality"": 800, ""segment_size"": 370.0, ""segment_duration"": 4, ""download_time"": 0.3700000000000001, ""request_time"": 1.02, ""deadline_time"": 12.45}",,,,,,,,,,,,,,,,,run_20260712_133725_008,,,,,,,,server_1,connection,,,,,,,,,,
,,,,,,,,,,,,,,,,client_2,connection_client_2,,,,client_to_server,,,,,,1.3900000000000001,SEGMENT_REQUEST,,,,,,,,,,,"{""event_time"": 1.3900000000000001, ""event_type"": ""SEGMENT_REQUEST"", ""client_id"": ""client_2"", ""server_id"": ""server_1"", ""video_name"": ""video_2"", ""segment_id"": 5, ""segment_quality"": 800, ""deadline_time"": 16.45}",,,,,,,,,,,,,,,,,run_20260712_133725_008,,,,,,,,server_1,connection,,,,,,,,,,
SEGMENT_RECEIVED_HANDLED,,,,,,,,,1400,18.93333333333333,,,,,,client_1,,,,,,0.29200000000000004,,,,,1.4000000000000001,,,730.0,,,False,,,,,2499.9999999999995,,1.0666666666666667,,,True,,,,,,,,,,0,,,run_20260712_133725_008,,,,5,,,,,client,,0,,,,,,,,
EVENT_ADDED,,,,,,,,,,,,,,,,client_1,,1.108,,,,,,,,25,1.4000000000000001,SEGMENT_RECEIVED,,,,,,,,,,,,,,,,,,,,,,2,1,,,,,run_20260712_133725_008,,,,,,,,server_1,event_queue,,,,,,,,,,
EVENT_REMOVED,,,,,,,,,,,,,,,,client_1,,1.4000000000000001,,,,,,0.010000000000000009,,25,1.4000000000000001,SEGMENT_RECEIVED,,,,,,,,,,,,,,,,,1.3900000000000001,,,,,1,2,,,,,run_20260712_133725_008,,,,,,,,server_1,event_queue,,,,,,,,,,
,,,,,,,,,,,,,,,,client_1,connection_client_1,,,,server_to_client,,,,,,1.4000000000000001,SEGMENT_RECEIVED,,,,,,,,,,,"{""event_time"": 1.4000000000000001, ""event_type"": ""SEGMENT_RECEIVED"", ""client_id"": ""client_1"", ""server_id"": ""server_1"", ""video_name"": ""video_1"", ""segment_id"": 5, ""segment_quality"": 1400, ""segment_size"": 730.0, ""segment_duration"": 4, ""download_time"": 0.29200000000000004, ""request_time"": 1.108, ""deadline_time"": 16.333333333333332}",,,,,,,,,,,,,,,,,run_20260712_133725_008,,,,,,,,server_1,connection,,,,,,,,,,
CLIENT_SIMULATION_COMPLETED,,2446.088992974239,2862.060889929742,,,0,600.0,"[2999.9999999999995, 3000.0, 3000.0, 2810.3044496487114, 2499.9999999999995]",,,,,,,,client_1,,,,,,,0,,,,,,,,18.60333333333333,1.4000000000000001,,,,0,600,,,,,1.3966666666666667,True,,,,1,[600],,,,,,,,run_20260712_133725_008,,,,,,,,,simulation,0,,,[],,"[2399.9999999999995, 2400.0, 2400.0, 2584.355971896956]",0,,1,video_1
SEGMENT_RECEIVED_HANDLED,,,,,,,,,800,18.72,,,,,,client_2,,,,,,0.3400000000000001,,,,,1.7300000000000002,,,340.0,,,False,,,,,999.9999999999998,,1.2800000000000002,,,True,,,,,,,,,,0,,,run_20260712_133725_008,,,,5,,,,,client,,0,,,,,,,,
EVENT_ADDED,,,,,,,,,,,,,,,,client_2,,1.3900000000000001,,,,,,,,27,1.7300000000000002,SEGMENT_RECEIVED,,,,,,,,,,,,,,,,,,,,,,2,1,,,,,run_20260712_133725_008,,,,,,,,server_1,event_queue,,,,,,,,,,
EVENT_REMOVED,,,,,,,,,,,,,,,,client_2,,1.7300000000000002,,,,,,0.33000000000000007,,27,1.7300000000000002,SEGMENT_RECEIVED,,,,,,,,,,,,,,,,,1.4000000000000001,,,,,0,1,,,,,run_20260712_133725_008,,,,,,,,server_1,event_queue,,,,,,,,,,
,,,,,,,,,,,,,,,,client_2,connection_client_2,,,,server_to_client,,,,,,1.7300000000000002,SEGMENT_RECEIVED,,,,,,,,,,,"{""event_time"": 1.7300000000000002, ""event_type"": ""SEGMENT_RECEIVED"", ""client_id"": ""client_2"", ""server_id"": ""server_1"", ""video_name"": ""video_2"", ""segment_id"": 5, ""segment_quality"": 800, ""segment_size"": 340.0, ""segment_duration"": 4, ""download_time"": 0.3400000000000001, ""request_time"": 1.3900000000000001, ""deadline_time"": 16.45}",,,,,,,,,,,,,,,,,run_20260712_133725_008,,,,,,,,server_1,connection,,,,,,,,,,
CLIENT_SIMULATION_COMPLETED,,967.3213572854291,1117.125748502994,,,0,0,"[1200.0, 1200.0, 1185.62874251497, 999.9999999999997, 999.9999999999998]",,,,,,,,client_2,,,,,,,0,,,,,,,,18.72,1.7300000000000002,,,,0,0,,,,,1.2800000000000002,True,,,,0,[],,,,,,,,run_20260712_133725_008,,,,,,,,,simulation,0,,,[],,"[960.0, 960.0, 956.1676646706588, 993.1177644710579]",0,,0,video_2
